{"last_sync": "2026-05-12 10:05:55.802373", "staff_excel": 1778488863.8740718, "staff_seed": 1778493421.4532473}