{"last_sync": "2026-05-19 16:39:49.026454", "staff_csv": 1779187775.8699367, "branches": 1779089920.9296389, "departments": 1777284044.594869}