{"last_sync": "2026-05-14 13:36:15.931662", "staff_excel": 1778488863.8740718, "staff_seed": 1778493421.4532473, "staff_csv": 1778151509.9244978, "branches": 1777012803.3677337, "departments": 1777284044.594869}